id,start_timestep,last_timestep,total_time,user_id,protocol,ideal_duration,privacy_score
pedestrian_1-1-pt_0_B_60HTO,19303.0,25200.0,5898.0,pedestrian_1-1-pt_0,Bluetooth,5898.0,1.0
pedestrian_1-1-pt_1006_L_LCQ8C,18151.0,25200.0,7050.0,pedestrian_1-1-pt_1006,LTE,7050.0,1.0
pedestrian_1-1-pt_1037_L_MR5EC,19361.0,25200.0,5840.0,pedestrian_1-1-pt_1037,LTE,5840.0,1.0
pedestrian_1-1-pt_1039_B_6425M,18727.0,25200.0,6474.0,pedestrian_1-1-pt_1039,Bluetooth,6474.0,1.0
pedestrian_1-1-pt_1108_B_N4Y05,18505.0,25200.0,6696.0,pedestrian_1-1-pt_1108,Bluetooth,6696.0,1.0
pedestrian_1-1-pt_1121_L_GL27C,19285.0,25200.0,5916.0,pedestrian_1-1-pt_1121,LTE,5916.0,1.0
pedestrian_1-1-pt_1138_L_O767R,19577.0,25200.0,5624.0,pedestrian_1-1-pt_1138,LTE,5624.0,1.0
pedestrian_1-1-pt_1167_B_TU3I6,18943.0,25200.0,6258.0,pedestrian_1-1-pt_1167,Bluetooth,6258.0,1.0
pedestrian_1-1-pt_1173_B_OGDH5,18820.0,25200.0,6381.0,pedestrian_1-1-pt_1173,Bluetooth,6381.0,1.0
pedestrian_1-1-pt_1226_B_1LCKF,19788.0,25200.0,5413.0,pedestrian_1-1-pt_1226,Bluetooth,5413.0,1.0
pedestrian_1-1-pt_1238_B_8HZJD,18798.0,25200.0,6403.0,pedestrian_1-1-pt_1238,Bluetooth,6403.0,1.0
pedestrian_1-1-pt_1270_L_OKKW6,18470.0,25200.0,6731.0,pedestrian_1-1-pt_1270,LTE,6731.0,1.0
pedestrian_1-1-pt_1296_L_DE6HE,18847.0,25200.0,6354.0,pedestrian_1-1-pt_1296,LTE,6354.0,1.0
pedestrian_1-1-pt_1298_B_100GW,18866.0,25200.0,6335.0,pedestrian_1-1-pt_1298,Bluetooth,6335.0,1.0
pedestrian_1-1-pt_1304_B_BFG5R,19347.0,25200.0,5854.0,pedestrian_1-1-pt_1304,Bluetooth,5854.0,1.0
pedestrian_1-1-pt_1306_B_G57NJ,20060.0,25200.0,5141.0,pedestrian_1-1-pt_1306,Bluetooth,6172.0,0.8329552819183409
pedestrian_1-1-pt_1329_L_Y71EE,18535.0,25200.0,6666.0,pedestrian_1-1-pt_1329,LTE,6666.0,1.0
pedestrian_1-1-pt_1420_B_4XG3X,19045.0,25200.0,6156.0,pedestrian_1-1-pt_1420,Bluetooth,6156.0,1.0
pedestrian_1-1-pt_1473_L_TUYP6,19369.0,25200.0,5832.0,pedestrian_1-1-pt_1473,LTE,5832.0,1.0
pedestrian_1-1-pt_1497_B_NL302,19748.0,25200.0,5453.0,pedestrian_1-1-pt_1497,Bluetooth,5453.0,1.0
pedestrian_1-1-pt_150_L_0IS2X,19310.0,25200.0,5891.0,pedestrian_1-1-pt_150,LTE,5891.0,1.0
pedestrian_1-1-pt_1560_B_EUS86,18507.0,25200.0,6694.0,pedestrian_1-1-pt_1560,Bluetooth,6694.0,1.0
pedestrian_1-1-pt_1601_L_MR38B,19190.0,25200.0,6011.0,pedestrian_1-1-pt_1601,LTE,6011.0,1.0
pedestrian_1-1-pt_1669_L_OOK2N,18144.0,25200.0,7057.0,pedestrian_1-1-pt_1669,LTE,7057.0,1.0
pedestrian_1-1-pt_1700_B_5PKZX,19430.0,25200.0,5771.0,pedestrian_1-1-pt_1700,Bluetooth,5771.0,1.0
pedestrian_1-1-pt_1714_L_FMJCH,18687.0,25200.0,6514.0,pedestrian_1-1-pt_1714,LTE,6514.0,1.0
pedestrian_1-1-pt_1723_B_Q6MD9,19764.0,25200.0,5437.0,pedestrian_1-1-pt_1723,Bluetooth,5437.0,1.0
pedestrian_1-1-pt_1747_L_5POC4,18208.0,25200.0,6993.0,pedestrian_1-1-pt_1747,LTE,6993.0,1.0
pedestrian_1-1-pt_1798_B_IEQIZ,19627.0,25200.0,5574.0,pedestrian_1-1-pt_1798,Bluetooth,5574.0,1.0
pedestrian_1-1-pt_182_B_DXOMS,19060.0,25200.0,6141.0,pedestrian_1-1-pt_182,Bluetooth,6141.0,1.0
pedestrian_1-1-pt_1966_L_8VMUJ,18875.0,25200.0,6326.0,pedestrian_1-1-pt_1966,LTE,6326.0,1.0
pedestrian_1-1-pt_2013_L_BJEBI,19118.0,25200.0,6083.0,pedestrian_1-1-pt_2013,LTE,6083.0,1.0
pedestrian_1-1-pt_2032_L_YXBPI,18740.0,25200.0,6461.0,pedestrian_1-1-pt_2032,LTE,6461.0,1.0
pedestrian_1-1-pt_2129_L_V9ZRD,18717.0,25200.0,6484.0,pedestrian_1-1-pt_2129,LTE,6484.0,1.0
pedestrian_1-1-pt_2162_L_GYQL7,18351.0,25200.0,6850.0,pedestrian_1-1-pt_2162,LTE,6850.0,1.0
pedestrian_1-1-pt_2170_L_BYDTC,18672.0,25200.0,6529.0,pedestrian_1-1-pt_2170,LTE,6529.0,1.0
pedestrian_1-1-pt_2297_L_E0HNH,19486.0,25200.0,5715.0,pedestrian_1-1-pt_2297,LTE,5715.0,1.0
pedestrian_1-1-pt_2342_B_605NI,18272.0,25200.0,6929.0,pedestrian_1-1-pt_2342,Bluetooth,6929.0,1.0
pedestrian_1-1-pt_2369_L_1MADO,18547.0,25200.0,6654.0,pedestrian_1-1-pt_2369,LTE,6654.0,1.0
pedestrian_1-1-pt_2424_L_XLP1M,19481.0,25200.0,5720.0,pedestrian_1-1-pt_2424,LTE,5720.0,1.0
pedestrian_1-1-pt_2425_B_0HO45,18937.0,23851.0,4915.0,pedestrian_1-1-pt_2425,Bluetooth,6264.0,0.7846424010217113
pedestrian_1-1-pt_2431_B_14MPJ,18743.0,25200.0,6458.0,pedestrian_1-1-pt_2431,Bluetooth,6458.0,1.0
pedestrian_1-1-pt_2503_B_GCMXP,19742.0,25200.0,5459.0,pedestrian_1-1-pt_2503,Bluetooth,5459.0,1.0
pedestrian_1-1-pt_2529_L_YKOKV,18564.0,25200.0,6637.0,pedestrian_1-1-pt_2529,LTE,6637.0,1.0
pedestrian_1-1-pt_255_B_GGMG0,18079.0,25200.0,7122.0,pedestrian_1-1-pt_255,Bluetooth,7122.0,1.0
pedestrian_1-1-pt_2606_B_74P5Q,18514.0,25200.0,6687.0,pedestrian_1-1-pt_2606,Bluetooth,6687.0,1.0
pedestrian_1-1-pt_2718_L_WS6O4,19195.0,25200.0,6006.0,pedestrian_1-1-pt_2718,LTE,6006.0,1.0
pedestrian_1-1-pt_2770_L_Q9711,18074.0,25200.0,7127.0,pedestrian_1-1-pt_2770,LTE,7127.0,1.0
pedestrian_1-1-pt_2808_B_ELSDW,19783.0,25200.0,5418.0,pedestrian_1-1-pt_2808,Bluetooth,5418.0,1.0
pedestrian_1-1-pt_2820_L_NOH43,18717.0,25200.0,6484.0,pedestrian_1-1-pt_2820,LTE,6484.0,1.0
pedestrian_1-1-pt_2834_B_KB8J2,19094.0,25200.0,6107.0,pedestrian_1-1-pt_2834,Bluetooth,6107.0,1.0
pedestrian_1-1-pt_2844_L_ZHTV8,18372.0,25200.0,6829.0,pedestrian_1-1-pt_2844,LTE,6829.0,1.0
pedestrian_1-1-pt_2863_B_PCW9I,18772.0,25200.0,6429.0,pedestrian_1-1-pt_2863,Bluetooth,6429.0,1.0
pedestrian_1-1-pt_2880_B_P0WPF,19303.0,25200.0,5898.0,pedestrian_1-1-pt_2880,Bluetooth,5898.0,1.0
pedestrian_1-1-pt_2920_B_LLKCQ,19077.0,25200.0,6124.0,pedestrian_1-1-pt_2920,Bluetooth,6124.0,1.0
pedestrian_1-1-pt_2952_B_P1AIJ,19634.0,25200.0,5567.0,pedestrian_1-1-pt_2952,Bluetooth,5567.0,1.0
pedestrian_1-1-pt_2961_L_EL4LV,19115.0,25200.0,6086.0,pedestrian_1-1-pt_2961,LTE,6086.0,1.0
pedestrian_1-1-pt_297_B_YPSSW,19146.0,25200.0,6055.0,pedestrian_1-1-pt_297,Bluetooth,6055.0,1.0
pedestrian_1-1-pt_3067_B_NF7A2,19288.0,25200.0,5913.0,pedestrian_1-1-pt_3067,Bluetooth,5913.0,1.0
pedestrian_1-1-pt_3097_L_RF2NU,19028.0,25200.0,6173.0,pedestrian_1-1-pt_3097,LTE,6173.0,1.0
pedestrian_1-1-pt_3176_L_6HVTR,19489.0,25200.0,5712.0,pedestrian_1-1-pt_3176,LTE,5712.0,1.0
pedestrian_1-1-pt_3207_B_HMMAZ,19319.0,25200.0,5882.0,pedestrian_1-1-pt_3207,Bluetooth,5882.0,1.0
pedestrian_1-1-pt_3230_L_2HF5G,19258.0,25200.0,5943.0,pedestrian_1-1-pt_3230,LTE,5943.0,1.0
pedestrian_1-1-pt_3275_L_4A0VX,18731.0,25200.0,6470.0,pedestrian_1-1-pt_3275,LTE,6470.0,1.0
pedestrian_1-1-pt_3353_L_7HABO,19580.0,25200.0,5621.0,pedestrian_1-1-pt_3353,LTE,5621.0,1.0
pedestrian_1-1-pt_3386_B_TOCBF,19569.0,25200.0,5632.0,pedestrian_1-1-pt_3386,Bluetooth,5632.0,1.0
pedestrian_1-1-pt_3409_B_UN8U3,19458.0,25200.0,5743.0,pedestrian_1-1-pt_3409,Bluetooth,5743.0,1.0
pedestrian_1-1-pt_3489_B_ICE1N,18706.0,25200.0,6495.0,pedestrian_1-1-pt_3489,Bluetooth,6495.0,1.0
pedestrian_1-1-pt_3512_B_HXGY8,19780.0,25200.0,5421.0,pedestrian_1-1-pt_3512,Bluetooth,5421.0,1.0
pedestrian_1-1-pt_3571_B_F32WL,19289.0,25200.0,5912.0,pedestrian_1-1-pt_3571,Bluetooth,5912.0,1.0
pedestrian_1-1-pt_3595_L_54RZM,19280.0,25200.0,5921.0,pedestrian_1-1-pt_3595,LTE,5921.0,1.0
pedestrian_1-1-pt_3624_L_RSPP0,19340.0,25200.0,5861.0,pedestrian_1-1-pt_3624,LTE,5861.0,1.0
pedestrian_1-1-pt_3629_L_H0UGW,18123.0,25200.0,7078.0,pedestrian_1-1-pt_3629,LTE,7078.0,1.0
pedestrian_1-1-pt_3671_B_C6X93,18958.0,25200.0,6243.0,pedestrian_1-1-pt_3671,Bluetooth,6243.0,1.0
pedestrian_1-1-pt_3769_L_XKJ06,18515.0,25200.0,6686.0,pedestrian_1-1-pt_3769,LTE,6686.0,1.0
pedestrian_1-1-pt_3800_L_QVG0O,19727.0,25200.0,5474.0,pedestrian_1-1-pt_3800,LTE,5474.0,1.0
pedestrian_1-1-pt_3858_L_47X5J,18473.0,25200.0,6728.0,pedestrian_1-1-pt_3858,LTE,6728.0,1.0
pedestrian_1-1-pt_3916_B_FITKO,19697.0,25200.0,5504.0,pedestrian_1-1-pt_3916,Bluetooth,5504.0,1.0
pedestrian_1-1-pt_3927_B_E36MU,18522.0,25200.0,6679.0,pedestrian_1-1-pt_3927,Bluetooth,6679.0,1.0
pedestrian_1-1-pt_3931_B_N9O3K,19823.0,25200.0,5378.0,pedestrian_1-1-pt_3931,Bluetooth,5378.0,1.0
pedestrian_1-1-pt_394_L_ATWP7,20507.0,25200.0,4694.0,pedestrian_1-1-pt_394,LTE,5831.0,0.8050077173726633
pedestrian_1-1-pt_4262_L_7E302,18424.0,25200.0,6777.0,pedestrian_1-1-pt_4262,LTE,6777.0,1.0
pedestrian_1-1-pt_4380_L_XCLVK,19651.0,25200.0,5550.0,pedestrian_1-1-pt_4380,LTE,5550.0,1.0
pedestrian_1-1-pt_4541_L_0YCUZ,20541.0,25200.0,4660.0,pedestrian_1-1-pt_4541,LTE,5793.0,0.8044191265320214
pedestrian_1-1-pt_4595_B_YHBTI,19577.0,25200.0,5624.0,pedestrian_1-1-pt_4595,Bluetooth,5624.0,1.0
pedestrian_1-1-pt_4645_L_NBM3I,19046.0,25200.0,6155.0,pedestrian_1-1-pt_4645,LTE,6155.0,1.0
pedestrian_1-1-pt_4671_B_GD8OO,18353.0,25200.0,6848.0,pedestrian_1-1-pt_4671,Bluetooth,6848.0,1.0
pedestrian_1-1-pt_4715_L_ME9UF,18725.0,25200.0,6476.0,pedestrian_1-1-pt_4715,LTE,6476.0,1.0
pedestrian_1-1-pt_4736_B_MS8QY,18877.0,25200.0,6324.0,pedestrian_1-1-pt_4736,Bluetooth,6324.0,1.0
pedestrian_1-1-pt_4785_L_OJG3J,19331.0,25200.0,5870.0,pedestrian_1-1-pt_4785,LTE,5870.0,1.0
pedestrian_1-1-pt_4875_B_XHERR,18736.0,25200.0,6465.0,pedestrian_1-1-pt_4875,Bluetooth,6465.0,1.0
pedestrian_1-1-pt_4879_B_0PIEQ,18560.0,25200.0,6641.0,pedestrian_1-1-pt_4879,Bluetooth,6641.0,1.0
pedestrian_1-1-pt_4901_L_J9JXE,19765.0,25200.0,5436.0,pedestrian_1-1-pt_4901,LTE,5436.0,1.0
pedestrian_1-1-pt_4919_B_ZRBME,19769.0,25200.0,5432.0,pedestrian_1-1-pt_4919,Bluetooth,5432.0,1.0
pedestrian_1-1-pt_494_B_S2FSK,19288.0,25200.0,5913.0,pedestrian_1-1-pt_494,Bluetooth,6748.0,0.8762596324836989
pedestrian_1-1-pt_4966_B_W4IPY,19185.0,25200.0,6016.0,pedestrian_1-1-pt_4966,Bluetooth,6016.0,1.0
pedestrian_1-1-pt_498_B_2WQ4D,19755.0,25200.0,5446.0,pedestrian_1-1-pt_498,Bluetooth,5446.0,1.0
pedestrian_1-1-pt_4996_L_TDB2R,18749.0,25200.0,6452.0,pedestrian_1-1-pt_4996,LTE,6860.0,0.9405247813411078
pedestrian_1-1-pt_5078_L_VDUG6,18039.0,25200.0,7162.0,pedestrian_1-1-pt_5078,LTE,7162.0,1.0
pedestrian_1-1-pt_5115_B_KNZ9J,18686.0,25200.0,6515.0,pedestrian_1-1-pt_5115,Bluetooth,6515.0,1.0
pedestrian_1-1-pt_5139_B_SP4N7,18076.0,25200.0,7125.0,pedestrian_1-1-pt_5139,Bluetooth,7125.0,1.0
pedestrian_1-1-pt_5167_L_HNFTM,18146.0,25200.0,7055.0,pedestrian_1-1-pt_5167,LTE,7055.0,1.0
pedestrian_1-1-pt_5193_B_XTMKX,18908.0,25200.0,6293.0,pedestrian_1-1-pt_5193,Bluetooth,6293.0,1.0
pedestrian_1-1-pt_5199_L_TG9E2,18842.0,25200.0,6359.0,pedestrian_1-1-pt_5199,LTE,6359.0,1.0
pedestrian_1-1-pt_521_L_75GYL,18545.0,25200.0,6656.0,pedestrian_1-1-pt_521,LTE,6656.0,1.0
pedestrian_1-1-pt_5241_L_GWMSL,18944.0,25200.0,6257.0,pedestrian_1-1-pt_5241,LTE,6257.0,1.0
pedestrian_1-1-pt_5258_L_M3EDH,18405.0,25200.0,6796.0,pedestrian_1-1-pt_5258,LTE,6796.0,1.0
pedestrian_1-1-pt_527_B_OLX02,19132.0,25200.0,6069.0,pedestrian_1-1-pt_527,Bluetooth,6069.0,1.0
pedestrian_1-1-pt_5275_B_85YJ1,18819.0,25200.0,6382.0,pedestrian_1-1-pt_5275,Bluetooth,6382.0,1.0
pedestrian_1-1-pt_5298_B_LNSSS,19628.0,25200.0,5573.0,pedestrian_1-1-pt_5298,Bluetooth,5573.0,1.0
pedestrian_1-1-pt_530_L_KF6VA,18121.0,25200.0,7080.0,pedestrian_1-1-pt_530,LTE,7080.0,1.0
pedestrian_1-1-pt_5324_L_Y8KTH,19370.0,25200.0,5831.0,pedestrian_1-1-pt_5324,LTE,5831.0,1.0
pedestrian_1-1-pt_5357_B_O1ACX,18646.0,25200.0,6555.0,pedestrian_1-1-pt_5357,Bluetooth,6555.0,1.0
pedestrian_1-1-pt_5392_L_3TFN4,18264.0,25200.0,6937.0,pedestrian_1-1-pt_5392,LTE,6937.0,1.0
pedestrian_1-1-pt_5481_L_1XUFY,19326.0,25200.0,5875.0,pedestrian_1-1-pt_5481,LTE,5875.0,1.0
pedestrian_1-1-pt_560_L_G4MUP,18445.0,25200.0,6756.0,pedestrian_1-1-pt_560,LTE,6756.0,1.0
pedestrian_1-1-pt_5666_L_TIJK7,19059.0,25200.0,6142.0,pedestrian_1-1-pt_5666,LTE,6142.0,1.0
pedestrian_1-1-pt_571_L_Y0464,19234.0,25200.0,5967.0,pedestrian_1-1-pt_571,LTE,5967.0,1.0
pedestrian_1-1-pt_5897_B_ODPJ1,18949.0,25200.0,6252.0,pedestrian_1-1-pt_5897,Bluetooth,6252.0,1.0
pedestrian_1-1-pt_5906_B_GZVKO,19460.0,25200.0,5741.0,pedestrian_1-1-pt_5906,Bluetooth,5741.0,1.0
pedestrian_1-1-pt_5913_L_UF21O,19687.0,25200.0,5514.0,pedestrian_1-1-pt_5913,LTE,5514.0,1.0
pedestrian_1-1-pt_5942_B_HUA66,19816.0,25200.0,5385.0,pedestrian_1-1-pt_5942,Bluetooth,5385.0,1.0
pedestrian_1-1-pt_5997_L_UFB6O,19213.0,25200.0,5988.0,pedestrian_1-1-pt_5997,LTE,5988.0,1.0
pedestrian_1-1-pt_5999_B_52NK7,19475.0,25200.0,5726.0,pedestrian_1-1-pt_5999,Bluetooth,5726.0,1.0
pedestrian_1-1-pt_6031_L_PUSSE,18408.0,25200.0,6793.0,pedestrian_1-1-pt_6031,LTE,6793.0,1.0
pedestrian_1-1-pt_6176_B_NPYR5,18820.0,25200.0,6381.0,pedestrian_1-1-pt_6176,Bluetooth,6381.0,1.0
pedestrian_1-1-pt_6273_B_TECTW,19268.0,25200.0,5933.0,pedestrian_1-1-pt_6273,Bluetooth,5933.0,1.0
pedestrian_1-1-pt_6292_B_66IUS,18919.0,25200.0,6282.0,pedestrian_1-1-pt_6292,Bluetooth,6282.0,1.0
pedestrian_1-1-pt_6297_L_V4GX7,18634.0,25200.0,6567.0,pedestrian_1-1-pt_6297,LTE,6567.0,1.0
pedestrian_1-1-pt_6309_B_0NTVV,18381.0,25200.0,6820.0,pedestrian_1-1-pt_6309,Bluetooth,6820.0,1.0
pedestrian_1-1-pt_6355_L_R8Z9P,18141.0,25200.0,7060.0,pedestrian_1-1-pt_6355,LTE,7060.0,1.0
pedestrian_1-1-pt_6358_L_SKWMN,19058.0,25200.0,6143.0,pedestrian_1-1-pt_6358,LTE,6143.0,1.0
pedestrian_1-1-pt_6368_B_IV6JV,18676.0,25200.0,6525.0,pedestrian_1-1-pt_6368,Bluetooth,6525.0,1.0
pedestrian_1-1-pt_6381_L_01J9K,19020.0,25200.0,6181.0,pedestrian_1-1-pt_6381,LTE,6181.0,1.0
pedestrian_1-1-pt_6389_B_E9BDX,19681.0,25200.0,5520.0,pedestrian_1-1-pt_6389,Bluetooth,5520.0,1.0
pedestrian_1-1-pt_6413_B_LOJAE,19164.0,25200.0,6037.0,pedestrian_1-1-pt_6413,Bluetooth,6037.0,1.0
pedestrian_1-1-pt_6453_B_TVBO4,19225.0,25200.0,5976.0,pedestrian_1-1-pt_6453,Bluetooth,5976.0,1.0
pedestrian_1-1-pt_6516_B_WLLTD,18991.0,25200.0,6210.0,pedestrian_1-1-pt_6516,Bluetooth,6210.0,1.0
pedestrian_1-1-pt_6538_B_46SY6,18901.0,25200.0,6300.0,pedestrian_1-1-pt_6538,Bluetooth,6300.0,1.0
pedestrian_1-1-pt_654_B_NQJV8,19609.0,25200.0,5592.0,pedestrian_1-1-pt_654,Bluetooth,5592.0,1.0
pedestrian_1-1-pt_6673_L_B9LSU,18433.0,25200.0,6768.0,pedestrian_1-1-pt_6673,LTE,6768.0,1.0
pedestrian_1-1-pt_6743_B_KITK7,18841.0,25200.0,6360.0,pedestrian_1-1-pt_6743,Bluetooth,6360.0,1.0
pedestrian_1-1-pt_6779_B_GEJ2W,18663.0,25200.0,6538.0,pedestrian_1-1-pt_6779,Bluetooth,6538.0,1.0
pedestrian_1-1-pt_6931_L_TGKZD,18365.0,25200.0,6836.0,pedestrian_1-1-pt_6931,LTE,6836.0,1.0
pedestrian_1-1-pt_6974_B_28UYS,18670.0,25200.0,6531.0,pedestrian_1-1-pt_6974,Bluetooth,6531.0,1.0
pedestrian_1-1-pt_7040_L_KLUHN,18194.0,25200.0,7007.0,pedestrian_1-1-pt_7040,LTE,7007.0,1.0
pedestrian_1-1-pt_7080_L_JPVRG,19388.0,25200.0,5813.0,pedestrian_1-1-pt_7080,LTE,5813.0,1.0
pedestrian_1-1-pt_7104_B_T58W8,19272.0,25200.0,5929.0,pedestrian_1-1-pt_7104,Bluetooth,5929.0,1.0
pedestrian_1-1-pt_7123_B_8PDB8,18197.0,25200.0,7004.0,pedestrian_1-1-pt_7123,Bluetooth,7004.0,1.0
pedestrian_1-1-pt_7142_B_0RE35,18807.0,25200.0,6394.0,pedestrian_1-1-pt_7142,Bluetooth,6394.0,1.0
pedestrian_1-1-pt_7208_B_928Z8,19690.0,25200.0,5511.0,pedestrian_1-1-pt_7208,Bluetooth,5511.0,1.0
pedestrian_1-1-pt_725_B_6BOPN,19701.0,25200.0,5500.0,pedestrian_1-1-pt_725,Bluetooth,5500.0,1.0
pedestrian_1-1-pt_7277_L_NQIOL,19670.0,25200.0,5531.0,pedestrian_1-1-pt_7277,LTE,5531.0,1.0
pedestrian_1-1-pt_7325_B_KYU7Q,20037.0,25200.0,5164.0,pedestrian_1-1-pt_7325,Bluetooth,5555.0,0.9296129612961296
pedestrian_1-1-pt_7440_L_WXCY4,18217.0,25200.0,6984.0,pedestrian_1-1-pt_7440,LTE,6984.0,1.0
pedestrian_1-1-pt_7573_L_46JHC,19498.0,25200.0,5703.0,pedestrian_1-1-pt_7573,LTE,5703.0,1.0
pedestrian_1-1-pt_761_L_FZNDK,19431.0,25200.0,5770.0,pedestrian_1-1-pt_761,LTE,5770.0,1.0
pedestrian_1-1-pt_7664_L_LR8MX,18549.0,25200.0,6652.0,pedestrian_1-1-pt_7664,LTE,6652.0,1.0
pedestrian_1-1-pt_7732_L_HQQVZ,19497.0,25200.0,5704.0,pedestrian_1-1-pt_7732,LTE,5704.0,1.0
pedestrian_1-1-pt_776_L_YDUJN,18419.0,25200.0,6782.0,pedestrian_1-1-pt_776,LTE,6782.0,1.0
pedestrian_1-1-pt_7760_B_PD7DO,18720.0,25200.0,6481.0,pedestrian_1-1-pt_7760,Bluetooth,6481.0,1.0
pedestrian_1-1-pt_7763_B_HGDN7,18766.0,25200.0,6435.0,pedestrian_1-1-pt_7763,Bluetooth,6435.0,1.0
pedestrian_1-1-pt_7863_L_N26IU,19241.0,25200.0,5960.0,pedestrian_1-1-pt_7863,LTE,5960.0,1.0
pedestrian_1-1-pt_7915_L_HZ0NO,18194.0,25200.0,7007.0,pedestrian_1-1-pt_7915,LTE,7007.0,1.0
pedestrian_1-1-pt_7938_L_M5BUM,19433.0,25200.0,5768.0,pedestrian_1-1-pt_7938,LTE,5768.0,1.0
pedestrian_1-1-pt_7948_L_HKZD6,19638.0,25200.0,5563.0,pedestrian_1-1-pt_7948,LTE,5563.0,1.0
pedestrian_1-1-pt_7959_B_OQQTK,19307.0,25200.0,5894.0,pedestrian_1-1-pt_7959,Bluetooth,5894.0,1.0
pedestrian_1-1-pt_8068_B_7K6BJ,19189.0,25200.0,6012.0,pedestrian_1-1-pt_8068,Bluetooth,6233.0,0.964543558479063
pedestrian_1-1-pt_8085_B_8ZFLL,19229.0,25200.0,5972.0,pedestrian_1-1-pt_8085,Bluetooth,5972.0,1.0
pedestrian_1-1-pt_8137_B_37IE8,20059.0,25200.0,5142.0,pedestrian_1-1-pt_8137,Bluetooth,5526.0,0.9305103148751357
pedestrian_1-1-pt_8184_B_IHJ8E,18695.0,25200.0,6506.0,pedestrian_1-1-pt_8184,Bluetooth,6506.0,1.0
pedestrian_1-1-pt_8247_L_W8WBP,19319.0,25200.0,5882.0,pedestrian_1-1-pt_8247,LTE,5882.0,1.0
pedestrian_1-1-pt_8280_L_RRZ7B,19016.0,25200.0,6185.0,pedestrian_1-1-pt_8280,LTE,6185.0,1.0
pedestrian_1-1-pt_8289_L_KRXRO,18046.0,25200.0,7155.0,pedestrian_1-1-pt_8289,LTE,7155.0,1.0
pedestrian_1-1-pt_841_L_901KR,18223.0,25200.0,6978.0,pedestrian_1-1-pt_841,LTE,6978.0,1.0
pedestrian_1-1-pt_8545_L_FZ0W6,18278.0,25200.0,6923.0,pedestrian_1-1-pt_8545,LTE,6923.0,1.0
pedestrian_1-1-pt_8611_B_1NGO1,18963.0,25200.0,6238.0,pedestrian_1-1-pt_8611,Bluetooth,6238.0,1.0
pedestrian_1-1-pt_8682_L_51LG6,19177.0,25200.0,6024.0,pedestrian_1-1-pt_8682,LTE,6024.0,1.0
pedestrian_1-1-pt_8692_B_YPIUM,18517.0,25200.0,6684.0,pedestrian_1-1-pt_8692,Bluetooth,6684.0,1.0
pedestrian_1-1-pt_8728_B_R86KY,19387.0,25200.0,5814.0,pedestrian_1-1-pt_8728,Bluetooth,5814.0,1.0
pedestrian_1-1-pt_8735_B_ANUJG,19305.0,25200.0,5896.0,pedestrian_1-1-pt_8735,Bluetooth,5896.0,1.0
pedestrian_1-1-pt_8739_B_T09AJ,19625.0,25200.0,5576.0,pedestrian_1-1-pt_8739,Bluetooth,5576.0,1.0
pedestrian_1-1-pt_8762_L_POKU3,18815.0,25200.0,6386.0,pedestrian_1-1-pt_8762,LTE,6386.0,1.0
pedestrian_1-1-pt_8830_B_WXCHY,19828.0,25200.0,5373.0,pedestrian_1-1-pt_8830,Bluetooth,5373.0,1.0
pedestrian_1-1-pt_8968_B_1ZMZ7,19042.0,25200.0,6159.0,pedestrian_1-1-pt_8968,Bluetooth,6159.0,1.0
pedestrian_1-1-pt_8969_B_1QMYK,19564.0,25200.0,5637.0,pedestrian_1-1-pt_8969,Bluetooth,5637.0,1.0
pedestrian_1-1-pt_8982_L_ETEKG,18249.0,25200.0,6952.0,pedestrian_1-1-pt_8982,LTE,6952.0,1.0
pedestrian_1-1-pt_977_L_15BZQ,18622.0,25200.0,6579.0,pedestrian_1-1-pt_977,LTE,6579.0,1.0
pedestrian_1-1-pt_98_B_U0APV,19124.0,25200.0,6077.0,pedestrian_1-1-pt_98,Bluetooth,6077.0,1.0
pedestrian_1-1-veh_105_L_K7XG4,18005.0,25200.0,7196.0,pedestrian_1-1-veh_105,LTE,7196.0,1.0
pedestrian_1-1-veh_152_B_UYNYU,18944.0,25200.0,6257.0,pedestrian_1-1-veh_152,Bluetooth,6257.0,1.0
pedestrian_1-1-veh_234_L_7OXG7,18402.0,25200.0,6799.0,pedestrian_1-1-veh_234,LTE,6799.0,1.0
pedestrian_1-1-veh_246_L_YJOCV,18803.0,25200.0,6398.0,pedestrian_1-1-veh_246,LTE,6398.0,1.0
pedestrian_1-1-veh_298_B_UGNYS,19571.0,25200.0,5630.0,pedestrian_1-1-veh_298,Bluetooth,5630.0,1.0
pedestrian_1-1-veh_407_L_F6WOB,18913.0,25200.0,6288.0,pedestrian_1-1-veh_407,LTE,6288.0,1.0
pedestrian_1-1-veh_459_L_RFXJ1,18523.0,25200.0,6678.0,pedestrian_1-1-veh_459,LTE,6678.0,1.0
pedestrian_1-1-veh_5_B_5U9XQ,19694.0,25200.0,5507.0,pedestrian_1-1-veh_5,Bluetooth,5507.0,1.0
pedestrian_1-1-veh_530_B_XJNXL,19791.0,25200.0,5410.0,pedestrian_1-1-veh_530,Bluetooth,5410.0,1.0
pedestrian_1-1-veh_602_L_95KCY,18701.0,25200.0,6500.0,pedestrian_1-1-veh_602,LTE,6500.0,1.0
pedestrian_1-1-veh_603_L_IR1DK,19746.0,24844.0,5099.0,pedestrian_1-1-veh_603,LTE,5455.0,0.9347387717690192
pedestrian_1-1-veh_608_L_EBVKF,19131.0,25200.0,6070.0,pedestrian_1-1-veh_608,LTE,6070.0,1.0
pedestrian_1-1-veh_610_B_Z4GUP,19665.0,25200.0,5536.0,pedestrian_1-1-veh_610,Bluetooth,5536.0,1.0
pedestrian_1-1-veh_65_B_YWG4G,18468.0,25200.0,6733.0,pedestrian_1-1-veh_65,Bluetooth,6733.0,1.0
pedestrian_1-1-veh_767_B_5QZ83,18307.0,25200.0,6894.0,pedestrian_1-1-veh_767,Bluetooth,6894.0,1.0
pedestrian_1-1-veh_792_B_TOUU1,19592.0,25200.0,5609.0,pedestrian_1-1-veh_792,Bluetooth,5609.0,1.0
pedestrian_1-1-veh_824_L_YBIAP,19071.0,25200.0,6130.0,pedestrian_1-1-veh_824,LTE,6130.0,1.0
pedestrian_1-1-veh_834_B_HVDPX,19466.0,25200.0,5735.0,pedestrian_1-1-veh_834,Bluetooth,5735.0,1.0
pedestrian_1-1-veh_837_B_XK0G2,19461.0,25200.0,5740.0,pedestrian_1-1-veh_837,Bluetooth,5740.0,1.0
pedestrian_1-2_1017_B_KE9TR,19607.0,25200.0,5594.0,pedestrian_1-2_1017,Bluetooth,5594.0,1.0
pedestrian_1-2_1025_B_AQEP7,19062.0,25200.0,6139.0,pedestrian_1-2_1025,Bluetooth,6139.0,1.0
pedestrian_1-2_104_L_WEGRE,18170.0,25200.0,7031.0,pedestrian_1-2_104,LTE,7031.0,1.0
pedestrian_1-2_1063_L_T1YLT,18545.0,25200.0,6656.0,pedestrian_1-2_1063,LTE,6656.0,1.0
pedestrian_1-2_1066_L_IKBE2,18358.0,25200.0,6843.0,pedestrian_1-2_1066,LTE,6843.0,1.0
pedestrian_1-2_1203_L_OK495,19513.0,25200.0,5688.0,pedestrian_1-2_1203,LTE,5688.0,1.0
pedestrian_1-2_1219_L_96W2S,19263.0,25200.0,5938.0,pedestrian_1-2_1219,LTE,5938.0,1.0
pedestrian_1-2_1255_L_JZZ0B,18584.0,25200.0,6617.0,pedestrian_1-2_1255,LTE,6617.0,1.0
pedestrian_1-2_1265_B_3675I,19571.0,25200.0,5630.0,pedestrian_1-2_1265,Bluetooth,5630.0,1.0
pedestrian_1-2_1285_B_KZDKF,18139.0,23847.0,5709.0,pedestrian_1-2_1285,Bluetooth,7062.0,0.8084112149532711
pedestrian_1-2_1313_L_L0HTZ,18104.0,25200.0,7097.0,pedestrian_1-2_1313,LTE,7097.0,1.0
pedestrian_1-2_1420_L_NLFK3,18838.0,25200.0,6363.0,pedestrian_1-2_1420,LTE,6363.0,1.0
pedestrian_1-2_149_B_14APK,19813.0,25200.0,5388.0,pedestrian_1-2_149,Bluetooth,5388.0,1.0
pedestrian_1-2_1494_L_XGA3J,18702.0,25200.0,6499.0,pedestrian_1-2_1494,LTE,6499.0,1.0
pedestrian_1-2_1533_B_P7SHJ,18926.0,25200.0,6275.0,pedestrian_1-2_1533,Bluetooth,6275.0,1.0
pedestrian_1-2_1559_L_1NR9Y,18093.0,25200.0,7108.0,pedestrian_1-2_1559,LTE,7108.0,1.0
pedestrian_1-2_1596_L_Y0EC4,19206.0,25200.0,5995.0,pedestrian_1-2_1596,LTE,5995.0,1.0
pedestrian_1-2_1600_L_14B98,18342.0,25200.0,6859.0,pedestrian_1-2_1600,LTE,6859.0,1.0
pedestrian_1-2_1612_L_PG9WH,18166.0,25200.0,7035.0,pedestrian_1-2_1612,LTE,7035.0,1.0
pedestrian_1-2_163_L_FI3NM,18463.0,25200.0,6738.0,pedestrian_1-2_163,LTE,6738.0,1.0
pedestrian_1-2_1640_L_RQEN1,18479.0,25200.0,6722.0,pedestrian_1-2_1640,LTE,6722.0,1.0
pedestrian_1-2_1658_L_VMVHR,18985.0,25200.0,6216.0,pedestrian_1-2_1658,LTE,6216.0,1.0
pedestrian_1-2_168_L_E1YZX,18704.0,25200.0,6497.0,pedestrian_1-2_168,LTE,6497.0,1.0
pedestrian_1-2_171_L_TAY7O,19716.0,25200.0,5485.0,pedestrian_1-2_171,LTE,5485.0,1.0
pedestrian_1-2_1715_B_H80PH,18592.0,25200.0,6609.0,pedestrian_1-2_1715,Bluetooth,6609.0,1.0
pedestrian_1-2_1805_L_KLIYJ,19096.0,25200.0,6105.0,pedestrian_1-2_1805,LTE,6105.0,1.0
pedestrian_1-2_1948_L_IB3TM,18646.0,25200.0,6555.0,pedestrian_1-2_1948,LTE,6555.0,1.0
pedestrian_1-2_1953_L_HLTTI,18879.0,25200.0,6322.0,pedestrian_1-2_1953,LTE,6322.0,1.0
pedestrian_1-2_1990_L_MD5HD,18002.0,25200.0,7199.0,pedestrian_1-2_1990,LTE,7199.0,1.0
pedestrian_1-2_2030_L_AAUIP,21643.0,25200.0,3558.0,pedestrian_1-2_2030,LTE,6734.0,0.5283635283635284
pedestrian_1-2_2034_L_02F2Y,19241.0,25200.0,5960.0,pedestrian_1-2_2034,LTE,5960.0,1.0
pedestrian_1-2_2061_B_PRG4H,19002.0,25200.0,6199.0,pedestrian_1-2_2061,Bluetooth,6199.0,1.0
pedestrian_1-2_2180_L_TCYSZ,18175.0,25200.0,7026.0,pedestrian_1-2_2180,LTE,7026.0,1.0
pedestrian_1-2_2183_L_FPZTR,18275.0,25200.0,6926.0,pedestrian_1-2_2183,LTE,6926.0,1.0
pedestrian_1-2_2215_L_018K1,19662.0,25200.0,5539.0,pedestrian_1-2_2215,LTE,5539.0,1.0
pedestrian_1-2_2229_L_QPPWC,18439.0,25200.0,6762.0,pedestrian_1-2_2229,LTE,6762.0,1.0
pedestrian_1-2_2237_B_I9FCI,18519.0,25200.0,6682.0,pedestrian_1-2_2237,Bluetooth,6682.0,1.0
pedestrian_1-2_2287_L_A15EI,18151.0,25200.0,7050.0,pedestrian_1-2_2287,LTE,7050.0,1.0
pedestrian_1-2_2335_L_X7WAS,19080.0,25200.0,6121.0,pedestrian_1-2_2335,LTE,6121.0,1.0
pedestrian_1-2_2338_B_7P2J7,19703.0,25200.0,5498.0,pedestrian_1-2_2338,Bluetooth,5498.0,1.0
pedestrian_1-2_2345_B_HMADE,19806.0,25200.0,5395.0,pedestrian_1-2_2345,Bluetooth,5395.0,1.0
pedestrian_1-2_2422_L_HE9VZ,18836.0,25200.0,6365.0,pedestrian_1-2_2422,LTE,6365.0,1.0
pedestrian_1-2_2473_L_12PCO,19385.0,25200.0,5816.0,pedestrian_1-2_2473,LTE,5816.0,1.0
pedestrian_1-2_250_B_ALHJ4,19419.0,25200.0,5782.0,pedestrian_1-2_250,Bluetooth,5782.0,1.0
pedestrian_1-2_2512_L_QDU2Q,18254.0,25200.0,6947.0,pedestrian_1-2_2512,LTE,6947.0,1.0
pedestrian_1-2_2543_L_6M05T,19442.0,25200.0,5759.0,pedestrian_1-2_2543,LTE,5759.0,1.0
pedestrian_1-2_2554_B_2B2M0,18861.0,25200.0,6340.0,pedestrian_1-2_2554,Bluetooth,6340.0,1.0
pedestrian_1-2_2564_B_DZH5R,18266.0,25200.0,6935.0,pedestrian_1-2_2564,Bluetooth,6935.0,1.0
pedestrian_1-2_2580_B_HGZH5,18131.0,25200.0,7070.0,pedestrian_1-2_2580,Bluetooth,7070.0,1.0
pedestrian_1-2_2598_B_46D5Z,18728.0,25200.0,6473.0,pedestrian_1-2_2598,Bluetooth,6473.0,1.0
pedestrian_1-2_2613_L_UG03M,19011.0,25200.0,6190.0,pedestrian_1-2_2613,LTE,6190.0,1.0
pedestrian_1-2_263_L_FXNE8,19480.0,25200.0,5721.0,pedestrian_1-2_263,LTE,5721.0,1.0
pedestrian_1-2_2653_L_W59C1,19284.0,25200.0,5917.0,pedestrian_1-2_2653,LTE,5917.0,1.0
pedestrian_1-2_2702_L_LQJBI,19117.0,25200.0,6084.0,pedestrian_1-2_2702,LTE,6084.0,1.0
pedestrian_1-2_2715_B_BZUY0,19156.0,25200.0,6045.0,pedestrian_1-2_2715,Bluetooth,6045.0,1.0
pedestrian_1-2_2795_L_5KP16,19531.0,25200.0,5670.0,pedestrian_1-2_2795,LTE,5670.0,1.0
pedestrian_1-2_2797_B_OLUGU,19155.0,25200.0,6046.0,pedestrian_1-2_2797,Bluetooth,6046.0,1.0
pedestrian_1-2_2875_B_3MLIL,19528.0,25200.0,5673.0,pedestrian_1-2_2875,Bluetooth,5673.0,1.0
pedestrian_1-2_303_B_FGE7Y,19653.0,25200.0,5548.0,pedestrian_1-2_303,Bluetooth,5548.0,1.0
pedestrian_1-2_3052_B_3ZKMK,18836.0,25200.0,6365.0,pedestrian_1-2_3052,Bluetooth,6365.0,1.0
pedestrian_1-2_3077_L_C4CV1,18664.0,25200.0,6537.0,pedestrian_1-2_3077,LTE,6537.0,1.0
pedestrian_1-2_3081_L_C7HUT,19610.0,25200.0,5591.0,pedestrian_1-2_3081,LTE,5591.0,1.0
pedestrian_1-2_315_L_SE6R3,19048.0,25200.0,6153.0,pedestrian_1-2_315,LTE,6153.0,1.0
pedestrian_1-2_3214_L_45GBT,18154.0,25200.0,7047.0,pedestrian_1-2_3214,LTE,7047.0,1.0
pedestrian_1-2_3224_L_ZNNF9,19465.0,25200.0,5736.0,pedestrian_1-2_3224,LTE,5736.0,1.0
pedestrian_1-2_3280_L_MB1JE,18337.0,25200.0,6864.0,pedestrian_1-2_3280,LTE,6864.0,1.0
pedestrian_1-2_3286_B_GDTFD,18623.0,25200.0,6578.0,pedestrian_1-2_3286,Bluetooth,6578.0,1.0
pedestrian_1-2_3378_L_JMRWL,19510.0,25200.0,5691.0,pedestrian_1-2_3378,LTE,5691.0,1.0
pedestrian_1-2_3386_B_LKBD5,18330.0,25200.0,6871.0,pedestrian_1-2_3386,Bluetooth,6871.0,1.0
pedestrian_1-2_3389_B_JDB5S,19603.0,25200.0,5598.0,pedestrian_1-2_3389,Bluetooth,5598.0,1.0
pedestrian_1-2_3413_L_UN26I,20048.0,25200.0,5153.0,pedestrian_1-2_3413,LTE,5593.0,0.9213302342213481
pedestrian_1-2_3464_B_ISU0S,19027.0,25200.0,6174.0,pedestrian_1-2_3464,Bluetooth,6174.0,1.0
pedestrian_1-2_3488_L_02K10,18112.0,25200.0,7089.0,pedestrian_1-2_3488,LTE,7089.0,1.0
pedestrian_1-2_3575_B_YI62J,18328.0,25200.0,6873.0,pedestrian_1-2_3575,Bluetooth,6873.0,1.0
pedestrian_1-2_3590_L_HPHLQ,19043.0,25200.0,6158.0,pedestrian_1-2_3590,LTE,6158.0,1.0
pedestrian_1-2_3608_L_U8H0M,18213.0,25200.0,6988.0,pedestrian_1-2_3608,LTE,6988.0,1.0
pedestrian_1-2_3692_L_75C1B,19240.0,25200.0,5961.0,pedestrian_1-2_3692,LTE,5961.0,1.0
pedestrian_1-2_3693_L_H4EBD,18178.0,25200.0,7023.0,pedestrian_1-2_3693,LTE,7023.0,1.0
pedestrian_1-2_3702_B_W7GKT,19522.0,25200.0,5679.0,pedestrian_1-2_3702,Bluetooth,5679.0,1.0
pedestrian_1-2_3708_B_O0D71,19057.0,25200.0,6144.0,pedestrian_1-2_3708,Bluetooth,6144.0,1.0
pedestrian_1-2_3716_B_55A11,19572.0,25200.0,5629.0,pedestrian_1-2_3716,Bluetooth,5629.0,1.0
pedestrian_1-2_3752_L_945BY,19720.0,25200.0,5481.0,pedestrian_1-2_3752,LTE,5481.0,1.0
pedestrian_1-2_3821_L_CVY00,18059.0,25200.0,7142.0,pedestrian_1-2_3821,LTE,7142.0,1.0
pedestrian_1-2_3835_L_5ZAPW,18598.0,25200.0,6603.0,pedestrian_1-2_3835,LTE,6603.0,1.0
pedestrian_1-2_3879_B_HWQEM,18720.0,25200.0,6481.0,pedestrian_1-2_3879,Bluetooth,6481.0,1.0
pedestrian_1-2_3908_B_AVHPI,18737.0,25200.0,6464.0,pedestrian_1-2_3908,Bluetooth,6464.0,1.0
pedestrian_1-2_4019_B_IY7H0,19828.0,25200.0,5373.0,pedestrian_1-2_4019,Bluetooth,5373.0,1.0
pedestrian_1-2_4065_B_FPYOE,19178.0,25200.0,6023.0,pedestrian_1-2_4065,Bluetooth,6023.0,1.0
pedestrian_1-2_4098_L_MBFGL,18917.0,25200.0,6284.0,pedestrian_1-2_4098,LTE,6284.0,1.0
pedestrian_1-2_4206_L_DH3YL,18257.0,25200.0,6944.0,pedestrian_1-2_4206,LTE,6944.0,1.0
pedestrian_1-2_4208_B_0HFLI,18597.0,25200.0,6604.0,pedestrian_1-2_4208,Bluetooth,6604.0,1.0
pedestrian_1-2_4249_B_RNWQL,19324.0,25200.0,5877.0,pedestrian_1-2_4249,Bluetooth,5877.0,1.0
pedestrian_1-2_4266_B_ZWWQW,19347.0,25200.0,5854.0,pedestrian_1-2_4266,Bluetooth,5854.0,1.0
pedestrian_1-2_4270_L_0C55D,18164.0,25200.0,7037.0,pedestrian_1-2_4270,LTE,7037.0,1.0
pedestrian_1-2_4285_L_222RH,19753.0,25200.0,5448.0,pedestrian_1-2_4285,LTE,5448.0,1.0
pedestrian_1-2_4327_L_URAQY,18086.0,25200.0,7115.0,pedestrian_1-2_4327,LTE,7115.0,1.0
pedestrian_1-2_4329_B_0H8C7,19542.0,25200.0,5659.0,pedestrian_1-2_4329,Bluetooth,5659.0,1.0
pedestrian_1-2_4376_L_RBZ6L,18588.0,25200.0,6613.0,pedestrian_1-2_4376,LTE,6613.0,1.0
pedestrian_1-2_4388_L_1IHFZ,18397.0,25200.0,6804.0,pedestrian_1-2_4388,LTE,6804.0,1.0
pedestrian_1-2_4454_L_I5D9B,18070.0,25200.0,7131.0,pedestrian_1-2_4454,LTE,7131.0,1.0
pedestrian_1-2_4464_B_FI4Z3,19783.0,25200.0,5418.0,pedestrian_1-2_4464,Bluetooth,5418.0,1.0
pedestrian_1-2_4483_B_XKDT3,18716.0,25200.0,6485.0,pedestrian_1-2_4483,Bluetooth,6485.0,1.0
pedestrian_1-2_4607_B_1W19Y,19091.0,25200.0,6110.0,pedestrian_1-2_4607,Bluetooth,6110.0,1.0
pedestrian_1-2_4609_L_CNZNZ,18126.0,25200.0,7075.0,pedestrian_1-2_4609,LTE,7075.0,1.0
pedestrian_1-2_4634_L_J7R7Q,18125.0,25200.0,7076.0,pedestrian_1-2_4634,LTE,7076.0,1.0
pedestrian_1-2_4715_B_U7A98,18481.0,25200.0,6720.0,pedestrian_1-2_4715,Bluetooth,6720.0,1.0
pedestrian_1-2_4724_B_UDT55,19358.0,25200.0,5843.0,pedestrian_1-2_4724,Bluetooth,5843.0,1.0
pedestrian_1-2_4730_L_VIF6D,18769.0,25200.0,6432.0,pedestrian_1-2_4730,LTE,6432.0,1.0
pedestrian_1-2_4734_L_E8PFU,18042.0,25200.0,7159.0,pedestrian_1-2_4734,LTE,7159.0,1.0
pedestrian_1-2_4753_L_40JRM,18442.0,25200.0,6759.0,pedestrian_1-2_4753,LTE,6759.0,1.0
pedestrian_1-2_4771_L_PM54J,19517.0,25200.0,5684.0,pedestrian_1-2_4771,LTE,5684.0,1.0
pedestrian_1-2_4791_L_83T03,18573.0,25200.0,6628.0,pedestrian_1-2_4791,LTE,6628.0,1.0
pedestrian_1-2_4853_L_1BYYU,18310.0,25200.0,6891.0,pedestrian_1-2_4853,LTE,6891.0,1.0
pedestrian_1-2_4886_L_I2JO8,19280.0,25200.0,5921.0,pedestrian_1-2_4886,LTE,5921.0,1.0
pedestrian_1-2_4940_L_UX1HK,18737.0,25200.0,6464.0,pedestrian_1-2_4940,LTE,6464.0,1.0
pedestrian_1-2_4955_L_T9BC2,18281.0,25200.0,6920.0,pedestrian_1-2_4955,LTE,6920.0,1.0
pedestrian_1-2_4962_L_1NFHP,19046.0,25200.0,6155.0,pedestrian_1-2_4962,LTE,6155.0,1.0
pedestrian_1-2_5020_L_VU5V5,19018.0,25200.0,6183.0,pedestrian_1-2_5020,LTE,6183.0,1.0
pedestrian_1-2_505_L_IG0J3,19005.0,25200.0,6196.0,pedestrian_1-2_505,LTE,6196.0,1.0
pedestrian_1-2_5092_L_4KZF7,18215.0,25200.0,6986.0,pedestrian_1-2_5092,LTE,6986.0,1.0
pedestrian_1-2_5210_B_T67Y8,18633.0,25200.0,6568.0,pedestrian_1-2_5210,Bluetooth,6568.0,1.0
pedestrian_1-2_5252_L_9MVZL,18908.0,25200.0,6293.0,pedestrian_1-2_5252,LTE,6293.0,1.0
pedestrian_1-2_5288_L_4Y00F,18917.0,25200.0,6284.0,pedestrian_1-2_5288,LTE,6284.0,1.0
pedestrian_1-2_5369_B_IAHLE,19327.0,25200.0,5874.0,pedestrian_1-2_5369,Bluetooth,5874.0,1.0
pedestrian_1-2_5428_B_DR0NC,19135.0,25200.0,6066.0,pedestrian_1-2_5428,Bluetooth,6066.0,1.0
pedestrian_1-2_5437_L_HZ6ZN,19546.0,25200.0,5655.0,pedestrian_1-2_5437,LTE,5655.0,1.0
pedestrian_1-2_5518_L_V0WRO,18103.0,25200.0,7098.0,pedestrian_1-2_5518,LTE,7098.0,1.0
pedestrian_1-2_5543_B_OYL2H,19825.0,25200.0,5376.0,pedestrian_1-2_5543,Bluetooth,5376.0,1.0
pedestrian_1-2_5640_L_KZ21B,18258.0,25200.0,6943.0,pedestrian_1-2_5640,LTE,6943.0,1.0
pedestrian_1-2_5641_B_AU0J7,18619.0,25200.0,6582.0,pedestrian_1-2_5641,Bluetooth,6582.0,1.0
pedestrian_1-2_568_L_WSCKS,19801.0,25200.0,5400.0,pedestrian_1-2_568,LTE,5400.0,1.0
pedestrian_1-2_573_B_X31U8,18462.0,25200.0,6739.0,pedestrian_1-2_573,Bluetooth,6739.0,1.0
pedestrian_1-2_5745_B_2HO6F,19151.0,25200.0,6050.0,pedestrian_1-2_5745,Bluetooth,6087.0,0.9939214719894858
pedestrian_1-2_5752_B_58K7D,18936.0,25200.0,6265.0,pedestrian_1-2_5752,Bluetooth,6265.0,1.0
pedestrian_1-2_5753_L_9IAEL,18303.0,25200.0,6898.0,pedestrian_1-2_5753,LTE,6898.0,1.0
pedestrian_1-2_5765_B_YS5NV,19669.0,25200.0,5532.0,pedestrian_1-2_5765,Bluetooth,5532.0,1.0
pedestrian_1-2_5927_L_14MH5,18670.0,25200.0,6531.0,pedestrian_1-2_5927,LTE,6531.0,1.0
pedestrian_1-2_593_L_VJI4P,18339.0,25200.0,6862.0,pedestrian_1-2_593,LTE,6862.0,1.0
pedestrian_1-2_5943_B_O02YA,18201.0,25200.0,7000.0,pedestrian_1-2_5943,Bluetooth,7000.0,1.0
pedestrian_1-2_5951_L_KLTNE,18716.0,25200.0,6485.0,pedestrian_1-2_5951,LTE,6485.0,1.0
pedestrian_1-2_6013_B_CF26Z,19164.0,25200.0,6037.0,pedestrian_1-2_6013,Bluetooth,6037.0,1.0
pedestrian_1-2_609_L_TUFWB,18037.0,25200.0,7164.0,pedestrian_1-2_609,LTE,7164.0,1.0
pedestrian_1-2_638_L_FMQBJ,18053.0,25200.0,7148.0,pedestrian_1-2_638,LTE,7148.0,1.0
pedestrian_1-2_671_L_GOM2A,19694.0,25200.0,5507.0,pedestrian_1-2_671,LTE,5507.0,1.0
pedestrian_1-2_752_L_RAN99,18492.0,25200.0,6709.0,pedestrian_1-2_752,LTE,6709.0,1.0
pedestrian_1-2_829_L_EV5TG,18533.0,25200.0,6668.0,pedestrian_1-2_829,LTE,6668.0,1.0
pedestrian_1-2_848_L_3PGVE,18688.0,25200.0,6513.0,pedestrian_1-2_848,LTE,6513.0,1.0
pedestrian_1-2_960_B_3ZV3N,19380.0,25200.0,5821.0,pedestrian_1-2_960,Bluetooth,5821.0,1.0
pedestrian_1-3_1027_L_IEX3W,18922.0,25200.0,6279.0,pedestrian_1-3_1027,LTE,6279.0,1.0
pedestrian_1-3_1140_B_9Y6TD,19162.0,25200.0,6039.0,pedestrian_1-3_1140,Bluetooth,6039.0,1.0
pedestrian_1-3_1213_L_EOMGK,19799.0,25200.0,5402.0,pedestrian_1-3_1213,LTE,5402.0,1.0
pedestrian_1-3_1324_L_U2U83,19534.0,25200.0,5667.0,pedestrian_1-3_1324,LTE,5667.0,1.0
pedestrian_1-3_1500_B_FA9A2,18550.0,25200.0,6651.0,pedestrian_1-3_1500,Bluetooth,6651.0,1.0
pedestrian_1-3_1535_L_21GRX,19784.0,25200.0,5417.0,pedestrian_1-3_1535,LTE,5417.0,1.0
pedestrian_1-3_1571_L_CB10X,19633.0,25200.0,5568.0,pedestrian_1-3_1571,LTE,5568.0,1.0
pedestrian_1-3_1604_B_QV7NX,18561.0,25200.0,6640.0,pedestrian_1-3_1604,Bluetooth,6640.0,1.0
pedestrian_1-3_1676_B_AVSEB,19452.0,25200.0,5749.0,pedestrian_1-3_1676,Bluetooth,5749.0,1.0
pedestrian_1-3_17_B_B2PR6,18494.0,25200.0,6707.0,pedestrian_1-3_17,Bluetooth,6707.0,1.0
pedestrian_1-3_1737_L_9JWAP,18725.0,25200.0,6476.0,pedestrian_1-3_1737,LTE,6476.0,1.0
pedestrian_1-3_1785_B_5UZT2,18310.0,25200.0,6891.0,pedestrian_1-3_1785,Bluetooth,6891.0,1.0
pedestrian_1-3_1945_B_M6G0K,19514.0,25200.0,5687.0,pedestrian_1-3_1945,Bluetooth,5687.0,1.0
pedestrian_1-3_2018_L_6LSDS,18032.0,25200.0,7169.0,pedestrian_1-3_2018,LTE,7169.0,1.0
pedestrian_1-3_2043_L_LH9UQ,18545.0,25200.0,6656.0,pedestrian_1-3_2043,LTE,6656.0,1.0
pedestrian_1-3_2053_L_3LHMQ,18633.0,25200.0,6568.0,pedestrian_1-3_2053,LTE,6568.0,1.0
pedestrian_1-3_2076_L_2K5DK,18982.0,25200.0,6219.0,pedestrian_1-3_2076,LTE,6219.0,1.0
pedestrian_1-3_2171_L_86WQ9,19293.0,25200.0,5908.0,pedestrian_1-3_2171,LTE,5908.0,1.0
pedestrian_1-3_2180_L_TWDDQ,18110.0,25200.0,7091.0,pedestrian_1-3_2180,LTE,7091.0,1.0
pedestrian_1-3_2187_L_CZT68,18518.0,25200.0,6683.0,pedestrian_1-3_2187,LTE,6683.0,1.0
pedestrian_1-3_2221_L_RC1ZY,18011.0,25200.0,7190.0,pedestrian_1-3_2221,LTE,7190.0,1.0
pedestrian_1-3_2278_L_H0T4Q,18407.0,25200.0,6794.0,pedestrian_1-3_2278,LTE,6794.0,1.0
pedestrian_1-3_228_B_A86ZN,18933.0,25200.0,6268.0,pedestrian_1-3_228,Bluetooth,6268.0,1.0
pedestrian_1-3_2280_B_S4UPD,19266.0,25200.0,5935.0,pedestrian_1-3_2280,Bluetooth,5935.0,1.0
pedestrian_1-3_2323_B_D5DX0,18311.0,25200.0,6890.0,pedestrian_1-3_2323,Bluetooth,6890.0,1.0
pedestrian_1-3_234_L_77385,19253.0,25200.0,5948.0,pedestrian_1-3_234,LTE,5948.0,1.0
pedestrian_1-3_2374_L_4E4NH,18002.0,25200.0,7199.0,pedestrian_1-3_2374,LTE,7199.0,1.0
pedestrian_1-3_2410_L_J1ILX,18004.0,25200.0,7197.0,pedestrian_1-3_2410,LTE,7197.0,1.0
pedestrian_1-3_2421_B_OEA4P,19597.0,25200.0,5604.0,pedestrian_1-3_2421,Bluetooth,5604.0,1.0
pedestrian_1-3_2424_B_ORJR1,19299.0,25200.0,5902.0,pedestrian_1-3_2424,Bluetooth,5902.0,1.0
pedestrian_1-3_2454_L_HO8QV,18057.0,25200.0,7144.0,pedestrian_1-3_2454,LTE,7144.0,1.0
pedestrian_1-3_2482_B_M2XPG,19739.0,24550.0,4812.0,pedestrian_1-3_2482,Bluetooth,5462.0,0.8809959721713658
pedestrian_1-3_2528_L_YGIPW,19269.0,25200.0,5932.0,pedestrian_1-3_2528,LTE,5932.0,1.0
pedestrian_1-3_2599_L_V380U,19102.0,25200.0,6099.0,pedestrian_1-3_2599,LTE,6099.0,1.0
pedestrian_1-3_2633_B_BJLX4,19701.0,25200.0,5500.0,pedestrian_1-3_2633,Bluetooth,5500.0,1.0
pedestrian_1-3_2643_B_GO88J,19154.0,25200.0,6047.0,pedestrian_1-3_2643,Bluetooth,6047.0,1.0
pedestrian_1-3_268_L_OCSDI,18061.0,25200.0,7140.0,pedestrian_1-3_268,LTE,7140.0,1.0
pedestrian_1-3_2745_L_8C03S,19760.0,25200.0,5441.0,pedestrian_1-3_2745,LTE,5441.0,1.0
pedestrian_1-3_2773_B_VPZ9O,19440.0,25200.0,5761.0,pedestrian_1-3_2773,Bluetooth,5761.0,1.0
pedestrian_1-3_2786_B_SD68J,19683.0,25200.0,5518.0,pedestrian_1-3_2786,Bluetooth,5518.0,1.0
pedestrian_1-3_28_B_MKTU8,19744.0,25200.0,5457.0,pedestrian_1-3_28,Bluetooth,5457.0,1.0
pedestrian_1-3_283_B_W3BPC,19535.0,25200.0,5666.0,pedestrian_1-3_283,Bluetooth,5666.0,1.0
pedestrian_1-3_2881_L_OHYR2,18242.0,25200.0,6959.0,pedestrian_1-3_2881,LTE,6959.0,1.0
pedestrian_1-3_2955_B_41O8P,18383.0,25200.0,6818.0,pedestrian_1-3_2955,Bluetooth,6818.0,1.0
pedestrian_1-3_2985_L_N9DC0,19010.0,25200.0,6191.0,pedestrian_1-3_2985,LTE,6191.0,1.0
pedestrian_1-3_3046_L_PCVZ3,18114.0,25200.0,7087.0,pedestrian_1-3_3046,LTE,7087.0,1.0
pedestrian_1-3_3076_L_WN5ES,18964.0,25200.0,6237.0,pedestrian_1-3_3076,LTE,6237.0,1.0
pedestrian_1-3_3132_L_78389,18868.0,25200.0,6333.0,pedestrian_1-3_3132,LTE,6333.0,1.0
pedestrian_1-3_3135_B_88FNO,19795.0,25200.0,5406.0,pedestrian_1-3_3135,Bluetooth,5406.0,1.0
pedestrian_1-3_3245_B_FV11Z,19299.0,25200.0,5902.0,pedestrian_1-3_3245,Bluetooth,5902.0,1.0
pedestrian_1-3_3253_L_ED81T,19260.0,25200.0,5941.0,pedestrian_1-3_3253,LTE,5941.0,1.0
pedestrian_1-3_3339_L_AX38E,18622.0,25200.0,6579.0,pedestrian_1-3_3339,LTE,6579.0,1.0
pedestrian_1-3_3410_B_504AX,19620.0,25200.0,5581.0,pedestrian_1-3_3410,Bluetooth,5581.0,1.0
pedestrian_1-3_3457_B_05KC2,19069.0,25200.0,6132.0,pedestrian_1-3_3457,Bluetooth,6764.0,0.9065641632170314
pedestrian_1-3_3494_B_2INHQ,19529.0,25200.0,5672.0,pedestrian_1-3_3494,Bluetooth,5672.0,1.0
pedestrian_1-3_3536_L_JM5MG,19577.0,25200.0,5624.0,pedestrian_1-3_3536,LTE,5624.0,1.0
pedestrian_1-3_3579_L_0QYPI,19125.0,25200.0,6076.0,pedestrian_1-3_3579,LTE,6076.0,1.0
pedestrian_1-3_3755_L_4NBL3,19812.0,25200.0,5389.0,pedestrian_1-3_3755,LTE,5442.0,0.9902609334803381
pedestrian_1-3_3759_L_LUYFQ,19129.0,25200.0,6072.0,pedestrian_1-3_3759,LTE,6872.0,0.8835855646100116
pedestrian_1-3_3776_B_M97XE,19100.0,25200.0,6101.0,pedestrian_1-3_3776,Bluetooth,6101.0,1.0
pedestrian_1-3_3793_L_CT5KS,18916.0,25200.0,6285.0,pedestrian_1-3_3793,LTE,6285.0,1.0
pedestrian_1-3_3834_B_0LJ5M,18079.0,25200.0,7122.0,pedestrian_1-3_3834,Bluetooth,7122.0,1.0
pedestrian_1-3_3901_L_6BMEN,18674.0,25200.0,6527.0,pedestrian_1-3_3901,LTE,6527.0,1.0
pedestrian_1-3_4025_B_J0ZGW,19438.0,25200.0,5763.0,pedestrian_1-3_4025,Bluetooth,5986.0,0.9627464082860007
pedestrian_1-3_403_L_02M1C,19231.0,25200.0,5970.0,pedestrian_1-3_403,LTE,5970.0,1.0
pedestrian_1-3_4124_B_JWOZU,19591.0,25200.0,5610.0,pedestrian_1-3_4124,Bluetooth,6101.0,0.919521389936076
pedestrian_1-3_4168_L_FZU61,18549.0,25200.0,6652.0,pedestrian_1-3_4168,LTE,6652.0,1.0
pedestrian_1-3_4253_L_0RMWL,19260.0,25200.0,5941.0,pedestrian_1-3_4253,LTE,5941.0,1.0
pedestrian_1-3_4262_B_W6E30,18655.0,25200.0,6546.0,pedestrian_1-3_4262,Bluetooth,6546.0,1.0
pedestrian_1-3_4289_L_JSHQC,19363.0,25200.0,5838.0,pedestrian_1-3_4289,LTE,5838.0,1.0
pedestrian_1-3_4291_B_M4DQ8,19536.0,25200.0,5665.0,pedestrian_1-3_4291,Bluetooth,5665.0,1.0
pedestrian_1-3_4492_L_ZWFRW,18147.0,25200.0,7054.0,pedestrian_1-3_4492,LTE,7054.0,1.0
pedestrian_1-3_458_B_VKL2C,19452.0,25200.0,5749.0,pedestrian_1-3_458,Bluetooth,5749.0,1.0
pedestrian_1-3_4587_L_ZRPPE,19776.0,25200.0,5425.0,pedestrian_1-3_4587,LTE,5425.0,1.0
pedestrian_1-3_4644_B_3JP0U,18451.0,25200.0,6750.0,pedestrian_1-3_4644,Bluetooth,6750.0,1.0
pedestrian_1-3_4663_B_TXOB6,19012.0,25200.0,6189.0,pedestrian_1-3_4663,Bluetooth,6189.0,1.0
pedestrian_1-3_4666_L_WKQCQ,18910.0,25200.0,6291.0,pedestrian_1-3_4666,LTE,6291.0,1.0
pedestrian_1-3_4690_L_YW7MD,18468.0,25200.0,6733.0,pedestrian_1-3_4690,LTE,6733.0,1.0
pedestrian_1-3_4738_B_35MNI,19162.0,25200.0,6039.0,pedestrian_1-3_4738,Bluetooth,6733.0,0.8969255903757611
pedestrian_1-3_4775_L_4HSYP,18719.0,25200.0,6482.0,pedestrian_1-3_4775,LTE,6482.0,1.0
pedestrian_1-3_4822_B_CIO92,18746.0,25200.0,6455.0,pedestrian_1-3_4822,Bluetooth,6455.0,1.0
pedestrian_1-3_4875_B_JV6VG,19119.0,25200.0,6082.0,pedestrian_1-3_4875,Bluetooth,6082.0,1.0
pedestrian_1-3_4881_B_LHJI1,19097.0,25200.0,6104.0,pedestrian_1-3_4881,Bluetooth,6104.0,1.0
pedestrian_1-3_4944_B_5C6GR,19173.0,25200.0,6028.0,pedestrian_1-3_4944,Bluetooth,6028.0,1.0
pedestrian_1-3_4954_L_FQF2J,18558.0,25200.0,6643.0,pedestrian_1-3_4954,LTE,6643.0,1.0
pedestrian_1-3_5020_L_7X7SJ,18983.0,25200.0,6218.0,pedestrian_1-3_5020,LTE,6218.0,1.0
pedestrian_1-3_5117_L_1X5YZ,18492.0,25200.0,6709.0,pedestrian_1-3_5117,LTE,6709.0,1.0
pedestrian_1-3_5123_B_NL9TX,18527.0,25200.0,6674.0,pedestrian_1-3_5123,Bluetooth,6674.0,1.0
pedestrian_1-3_5144_B_AJ5TO,19264.0,25200.0,5937.0,pedestrian_1-3_5144,Bluetooth,5937.0,1.0
pedestrian_1-3_528_B_QYWQ3,18328.0,25200.0,6873.0,pedestrian_1-3_528,Bluetooth,6873.0,1.0
pedestrian_1-3_5334_L_6EMSL,18206.0,25200.0,6995.0,pedestrian_1-3_5334,LTE,6995.0,1.0
pedestrian_1-3_5354_L_3I09U,18883.0,25200.0,6318.0,pedestrian_1-3_5354,LTE,6318.0,1.0
pedestrian_1-3_5451_L_E4JTR,18949.0,25200.0,6252.0,pedestrian_1-3_5451,LTE,6252.0,1.0
pedestrian_1-3_547_L_AGFGV,19318.0,25200.0,5883.0,pedestrian_1-3_547,LTE,5883.0,1.0
pedestrian_1-3_5475_L_XYFDO,18443.0,25200.0,6758.0,pedestrian_1-3_5475,LTE,6758.0,1.0
pedestrian_1-3_5537_L_34WTF,18298.0,25200.0,6903.0,pedestrian_1-3_5537,LTE,6903.0,1.0
pedestrian_1-3_5550_B_B3MX4,19729.0,25200.0,5472.0,pedestrian_1-3_5550,Bluetooth,5472.0,1.0
pedestrian_1-3_5578_L_95MJE,18182.0,25200.0,7019.0,pedestrian_1-3_5578,LTE,7019.0,1.0
pedestrian_1-3_635_L_EYSOV,18441.0,25200.0,6760.0,pedestrian_1-3_635,LTE,6760.0,1.0
pedestrian_1-3_743_B_V34GE,19366.0,25200.0,5835.0,pedestrian_1-3_743,Bluetooth,5835.0,1.0
pedestrian_1-3_80_B_FTXWM,18783.0,25200.0,6418.0,pedestrian_1-3_80,Bluetooth,6418.0,1.0
pedestrian_1-3_809_B_ZQV9K,19176.0,25200.0,6025.0,pedestrian_1-3_809,Bluetooth,6025.0,1.0
pedestrian_1-3_870_L_RXBZK,19452.0,25200.0,5749.0,pedestrian_1-3_870,LTE,5749.0,1.0
pedestrian_1-3_874_L_S48VF,18948.0,25200.0,6253.0,pedestrian_1-3_874,LTE,6253.0,1.0
pedestrian_1-3_990_L_ZP8PK,18939.0,25200.0,6262.0,pedestrian_1-3_990,LTE,6262.0,1.0
pedestrian_2-1_1248_B_2Q1JK,18411.0,25200.0,6790.0,pedestrian_2-1_1248,Bluetooth,6790.0,1.0
pedestrian_2-1_1463_L_0B6OJ,18978.0,25200.0,6223.0,pedestrian_2-1_1463,LTE,6223.0,1.0
pedestrian_2-1_1609_L_NTROT,19033.0,25200.0,6168.0,pedestrian_2-1_1609,LTE,6168.0,1.0
pedestrian_2-1_1724_B_6P6NK,19787.0,25200.0,5414.0,pedestrian_2-1_1724,Bluetooth,5414.0,1.0
pedestrian_2-1_1878_L_99CHU,19568.0,25200.0,5633.0,pedestrian_2-1_1878,LTE,5633.0,1.0
pedestrian_2-1_2028_B_6BTO4,19271.0,25200.0,5930.0,pedestrian_2-1_2028,Bluetooth,5930.0,1.0
pedestrian_2-1_2045_L_YB6LC,19244.0,25200.0,5957.0,pedestrian_2-1_2045,LTE,5957.0,1.0
pedestrian_2-1_213_B_5OEPM,18692.0,25200.0,6509.0,pedestrian_2-1_213,Bluetooth,6509.0,1.0
pedestrian_2-1_2136_B_BX89L,18886.0,25200.0,6315.0,pedestrian_2-1_2136,Bluetooth,6315.0,1.0
pedestrian_2-1_2161_B_JQOGY,19731.0,25200.0,5470.0,pedestrian_2-1_2161,Bluetooth,5470.0,1.0
pedestrian_2-1_2293_L_VCV6P,18466.0,25200.0,6735.0,pedestrian_2-1_2293,LTE,6735.0,1.0
pedestrian_2-1_2384_L_4N30O,19117.0,25200.0,6084.0,pedestrian_2-1_2384,LTE,6084.0,1.0
pedestrian_2-1_2486_L_N36E0,19781.0,25200.0,5420.0,pedestrian_2-1_2486,LTE,5420.0,1.0
pedestrian_2-1_2911_B_AAXTM,19693.0,25200.0,5508.0,pedestrian_2-1_2911,Bluetooth,5508.0,1.0
pedestrian_2-1_2925_B_MR9ES,18955.0,25200.0,6246.0,pedestrian_2-1_2925,Bluetooth,6246.0,1.0
pedestrian_2-1_2987_L_QUQ0W,19690.0,25200.0,5511.0,pedestrian_2-1_2987,LTE,5511.0,1.0
pedestrian_2-1_3058_L_7ALA3,18975.0,25200.0,6226.0,pedestrian_2-1_3058,LTE,6226.0,1.0
pedestrian_2-1_3119_B_X4380,19631.0,25200.0,5570.0,pedestrian_2-1_3119,Bluetooth,5570.0,1.0
pedestrian_2-1_3136_L_19LNQ,18461.0,25200.0,6740.0,pedestrian_2-1_3136,LTE,6740.0,1.0
pedestrian_2-1_3376_L_5IN2J,18520.0,25200.0,6681.0,pedestrian_2-1_3376,LTE,6681.0,1.0
pedestrian_2-1_3390_L_DDQY2,18729.0,25200.0,6472.0,pedestrian_2-1_3390,LTE,6472.0,1.0
pedestrian_2-1_3601_L_UPLNG,18592.0,25200.0,6609.0,pedestrian_2-1_3601,LTE,6609.0,1.0
pedestrian_2-1_3664_L_PZOTY,18951.0,25200.0,6250.0,pedestrian_2-1_3664,LTE,6250.0,1.0
pedestrian_2-1_3764_B_DR4WP,18741.0,25200.0,6460.0,pedestrian_2-1_3764,Bluetooth,6460.0,1.0
pedestrian_2-1_3944_L_CTJ56,19011.0,25200.0,6190.0,pedestrian_2-1_3944,LTE,6190.0,1.0
pedestrian_2-1_4127_L_2FAD4,18326.0,25200.0,6875.0,pedestrian_2-1_4127,LTE,6875.0,1.0
pedestrian_2-1_4232_L_J3KJW,19184.0,25200.0,6017.0,pedestrian_2-1_4232,LTE,6017.0,1.0
pedestrian_2-1_4267_B_KEIWY,19819.0,25200.0,5382.0,pedestrian_2-1_4267,Bluetooth,5382.0,1.0
pedestrian_2-1_4331_B_TEALU,19590.0,25200.0,5611.0,pedestrian_2-1_4331,Bluetooth,6910.0,0.8120115774240232
pedestrian_2-1_4788_B_UTNLQ,19731.0,25200.0,5470.0,pedestrian_2-1_4788,Bluetooth,5470.0,1.0
pedestrian_2-1_4811_L_ZGBOX,19184.0,25200.0,6017.0,pedestrian_2-1_4811,LTE,6017.0,1.0
pedestrian_2-1_4909_L_RZGV6,18874.0,25200.0,6327.0,pedestrian_2-1_4909,LTE,6327.0,1.0
pedestrian_2-1_4930_L_E6STJ,18525.0,25200.0,6676.0,pedestrian_2-1_4930,LTE,6676.0,1.0
pedestrian_2-1_499_B_IJ4P5,19786.0,25200.0,5415.0,pedestrian_2-1_499,Bluetooth,5415.0,1.0
pedestrian_2-1_5001_L_WU3AD,18286.0,25200.0,6915.0,pedestrian_2-1_5001,LTE,6915.0,1.0
pedestrian_2-1_5067_B_FINS6,19780.0,25200.0,5421.0,pedestrian_2-1_5067,Bluetooth,5421.0,1.0
pedestrian_2-1_5419_L_7M9YE,18210.0,25200.0,6991.0,pedestrian_2-1_5419,LTE,6991.0,1.0
pedestrian_2-1_5435_L_EZCQ6,18188.0,25200.0,7013.0,pedestrian_2-1_5435,LTE,7013.0,1.0
pedestrian_2-1_5450_L_V6UG9,19214.0,25200.0,5987.0,pedestrian_2-1_5450,LTE,5987.0,1.0
pedestrian_2-1_5552_L_1KH9A,19403.0,25200.0,5798.0,pedestrian_2-1_5552,LTE,5798.0,1.0
pedestrian_2-1_5799_L_DOFEP,19184.0,25200.0,6017.0,pedestrian_2-1_5799,LTE,6017.0,1.0
pedestrian_2-1_5841_L_9FG33,19011.0,25200.0,6190.0,pedestrian_2-1_5841,LTE,6190.0,1.0
pedestrian_2-1_600_L_2UAJG,19618.0,25200.0,5583.0,pedestrian_2-1_600,LTE,5583.0,1.0
pedestrian_2-1_6021_L_P9D19,18155.0,25200.0,7046.0,pedestrian_2-1_6021,LTE,7046.0,1.0
pedestrian_2-1_6130_L_390G5,18585.0,25200.0,6616.0,pedestrian_2-1_6130,LTE,6616.0,1.0
pedestrian_2-1_6236_B_0OPL7,18565.0,25200.0,6636.0,pedestrian_2-1_6236,Bluetooth,6636.0,1.0
pedestrian_2-1_6256_B_7ER4X,18536.0,25200.0,6665.0,pedestrian_2-1_6256,Bluetooth,6665.0,1.0
pedestrian_2-1_6274_L_AMPK4,18535.0,25200.0,6666.0,pedestrian_2-1_6274,LTE,6666.0,1.0
pedestrian_2-1_63_B_U150F,18187.0,25200.0,7014.0,pedestrian_2-1_63,Bluetooth,7014.0,1.0
pedestrian_2-1_804_L_0SLBR,19286.0,25200.0,5915.0,pedestrian_2-1_804,LTE,5915.0,1.0
pedestrian_2-1_842_B_ZAGXY,19287.0,25200.0,5914.0,pedestrian_2-1_842,Bluetooth,5914.0,1.0
